"id","title","shorttitle","icon16x16","href","_blank","appid","itemtype","req_context_item_id","act_type"
GP11,Consultar presupuesto,Crear,,"",0,pregop.editor,DET03C,1,action
GP12,Crear o Editar presupuesto,Crear/Editar,,"",0,pregop.editor,DET03C,1,action
GP13,Eliminar presupuesto,Eliminar,,"",0,pregop.editor,DET03C,1,action
GP14,Activar presupuesto,Activar,,"",0,pregop.editor,DET03C,1,action
GP15,Cerrar presupuesto,Cerrar,,"",0,pregop.editor,DET03C,1,action
GP16,Detener presupuesto,Detener,,"",0,pregop.editor,DET03C,1,action
GP17,Establecer partida revisada,Revisada,,"",0,pregop.editor,DET035,1,action
GP18,Cancelar partida,Cancelar,,"",0,pregop.editor,DET035,1,action
GP19,Autorizar partida,Autorizar,,"",0,pregop.editor,DET035,1,action
GP1A,Establecer partida prevista,Prevista,,"",0,pregop.editor,DET035,1,action
GP1B,Establecer partida en revisión,Revisión,,"",0,pregop.editor,DET035,1,action
GP20,Operaciones por presupuestar y afectación por operación,"O.P.S",,"/!/pregop/ops/","0","pregop.ops","DET03C","0","action"
GP1C,Visualizar detalles de los presupuestos,Detalle presupuesto,,"",0,pregop.editor,DET035,1,action
GP33,Visualizar detalles de las partidas,Detalle partida,,"",0,pregop.partida,DET035,1,action